model,provider,proportion,order,trial_index,coordination_tokens,reasoning_tokens,total_context_tokens,mean_score_raw,mean_score_effective,input_tokens_used,output_tokens_used,cost_usd,elapsed_ms,kafka_streaming,flink_ops,spark_sla,retention_compliance,s3_tiering,build_vs_buy,soc2_compat,onboarding_screens,progressive_disclosure,365day_cost
claude-haiku-4-5-20251001,anthropic,0.75,reason_first,0,2793,931,4096,0.8,0.8,4607,512,0.0057336,7561.342665998382,1,1,1,1,1,0,1,1,1,0
claude-haiku-4-5-20251001,anthropic,0.5,reason_first,0,1862,1862,4096,0.0,0.0,4497,539,0.0057536,5751.747792004608,0,0,0,0,0,0,0,0,0,0
claude-haiku-4-5-20251001,anthropic,0.0,coord_first,0,0,3724,4096,0.8,0.8,4247,421,0.0050816,31914.99816700525,1,1,1,0,1,1,1,1,1,0
claude-haiku-4-5-20251001,anthropic,0.25,reason_first,0,931,2793,4096,0.9,0.9,4370,508,0.005528,5254.3743749993155,1,1,1,1,1,1,1,1,1,0
claude-haiku-4-5-20251001,anthropic,0.25,coord_first,0,931,2793,4096,0.8,0.8,4370,525,0.005596,6579.362125004991,1,1,1,1,1,0,1,1,1,0
claude-haiku-4-5-20251001,anthropic,0.9,coord_first,0,3351,373,4096,0.0,0.0,4693,636,0.0062984,9191.763916998752,0,0,0,0,0,0,0,0,0,0
claude-haiku-4-5-20251001,anthropic,0.0,coord_first,1,0,3724,4096,0.9,0.9,4247,418,0.0050696000000000005,3687.5111249973997,1,1,1,0,1,1,1,1,1,1
claude-haiku-4-5-20251001,anthropic,0.75,reason_first,1,2793,931,4096,0.9,0.9,4607,522,0.0057736,6248.4620829927735,1,1,1,1,1,1,1,1,1,0
claude-haiku-4-5-20251001,anthropic,0.75,coord_first,0,2793,931,4096,0.0,0.0,4607,489,0.0056416,6245.944124995731,0,0,0,0,0,0,0,0,0,0
claude-haiku-4-5-20251001,anthropic,0.25,reason_first,1,931,2793,4096,0.7,0.7,4370,501,0.0055,5228.661707995343,1,1,1,0,1,0,1,1,1,0
claude-haiku-4-5-20251001,anthropic,0.75,reason_first,2,2793,931,4096,0.7,0.7,4607,550,0.0058856,6878.656540997326,1,1,1,0,1,0,1,1,1,0
claude-haiku-4-5-20251001,anthropic,0.5,reason_first,1,1862,1862,4096,0.8,0.8,4497,519,0.0056736,5439.8114169889595,1,1,1,1,1,0,1,1,1,0
claude-haiku-4-5-20251001,anthropic,0.0,coord_first,2,0,3724,4096,0.9,0.9,4247,410,0.005037600000000001,3708.7099170021247,1,1,1,0,1,1,1,1,1,1
claude-haiku-4-5-20251001,anthropic,0.0,reason_first,0,0,3724,4096,0.9,0.9,4247,407,0.005025600000000001,3578.221042000223,1,1,1,0,1,1,1,1,1,1
claude-haiku-4-5-20251001,anthropic,0.9,coord_first,1,3351,373,4096,0.0,0.0,4693,341,0.0051183999999999995,5130.368916987209,0,0,0,0,0,0,0,0,0,0
claude-haiku-4-5-20251001,anthropic,0.9,coord_first,2,3351,373,4096,0.0,0.0,4693,381,0.0052784,5257.179124993854,0,0,0,0,0,0,0,0,0,0
claude-haiku-4-5-20251001,anthropic,0.75,coord_first,1,2793,931,4096,0.9,0.9,4607,477,0.005593600000000001,5536.13895799208,1,1,1,1,1,1,1,1,1,0
claude-haiku-4-5-20251001,anthropic,0.25,reason_first,2,931,2793,4096,0.0,0.0,4370,596,0.00588,6653.995249987929,0,0,0,0,0,0,0,0,0,0
claude-haiku-4-5-20251001,anthropic,0.5,reason_first,2,1862,1862,4096,0.7,0.7,4497,523,0.0056896,6117.016584001249,1,1,1,0,1,0,1,1,1,0
claude-haiku-4-5-20251001,anthropic,0.9,reason_first,0,3351,373,4096,0.8,0.8,4693,507,0.0057824,5694.171374998405,1,1,1,1,1,0,1,1,1,0
claude-haiku-4-5-20251001,anthropic,0.0,coord_first,3,0,3724,4096,0.9,0.9,4247,402,0.005005600000000001,3580.061166008818,1,1,1,0,1,1,1,1,1,1
claude-haiku-4-5-20251001,anthropic,0.25,reason_first,3,931,2793,4096,0.8,0.8,4370,459,0.005332,5314.262874991982,1,1,1,1,1,0,1,1,1,0
claude-haiku-4-5-20251001,anthropic,0.5,reason_first,3,1862,1862,4096,0.0,0.0,4497,408,0.0052296,5125.097208001534,0,0,0,0,0,0,0,0,0,0
claude-haiku-4-5-20251001,anthropic,0.0,coord_first,4,0,3724,4096,0.9,0.9,4247,455,0.0052176,5505.984458999592,1,1,1,0,1,1,1,1,1,1
claude-haiku-4-5-20251001,anthropic,0.75,coord_first,2,2793,931,4096,0.0,0.0,4607,546,0.0058696,6296.193916001357,0,0,0,0,0,0,0,0,0,0
claude-haiku-4-5-20251001,anthropic,0.75,coord_first,3,2793,931,4096,0.9,0.9,4607,553,0.0058976,6607.358042005217,1,1,1,1,1,1,1,1,1,0
claude-haiku-4-5-20251001,anthropic,0.9,coord_first,3,3351,373,4096,0.0,0.0,4693,575,0.0060544,6811.977584002307,0,0,0,0,0,0,0,0,0,0
claude-haiku-4-5-20251001,anthropic,0.5,coord_first,0,1862,1862,4096,0.9,0.9,4497,530,0.005717600000000001,62873.1839999964,1,1,1,1,1,0,1,1,1,1
claude-haiku-4-5-20251001,anthropic,0.9,coord_first,4,3351,373,4096,0.8,0.8,4693,529,0.0058704,6495.264791999944,1,1,1,0,1,0,1,1,1,1
claude-haiku-4-5-20251001,anthropic,0.5,reason_first,4,1862,1862,4096,0.0,0.0,4497,408,0.0052296,5231.1178329982795,0,0,0,0,0,0,0,0,0,0
claude-haiku-4-5-20251001,anthropic,0.5,reason_first,5,1862,1862,4096,0.7,0.7,4497,526,0.0057016,6707.919124994078,1,1,1,0,1,0,1,1,1,0
claude-haiku-4-5-20251001,anthropic,0.0,reason_first,1,0,3724,4096,0.9,0.9,4247,410,0.005037600000000001,3905.9712090092944,1,1,1,0,1,1,1,1,1,1
claude-haiku-4-5-20251001,anthropic,0.75,reason_first,3,2793,931,4096,0.0,0.0,4607,505,0.005705600000000001,6257.676667009946,0,0,0,0,0,0,0,0,0,0
claude-haiku-4-5-20251001,anthropic,0.25,reason_first,4,931,2793,4096,0.8,0.8,4370,471,0.00538,5050.319874993875,1,1,1,1,1,0,1,1,1,0
claude-haiku-4-5-20251001,anthropic,0.25,coord_first,1,931,2793,4096,0.8,0.8,4370,722,0.006384,8013.725041993894,1,1,1,1,1,0,1,1,0,1
claude-haiku-4-5-20251001,anthropic,0.0,reason_first,2,0,3724,4096,1.0,1.0,4247,414,0.0050536,3861.6446660016663,1,1,1,1,1,1,1,1,1,1
claude-haiku-4-5-20251001,anthropic,0.9,reason_first,1,3351,373,4096,0.8,0.8,4693,520,0.0058344,6262.717791993055,1,1,1,1,1,0,1,1,1,0
claude-haiku-4-5-20251001,anthropic,0.5,reason_first,6,1862,1862,4096,0.8,0.8,4497,596,0.0059816,6845.614165998995,1,1,1,1,1,0,1,1,1,0
claude-haiku-4-5-20251001,anthropic,0.25,reason_first,5,931,2793,4096,0.9,0.9,4370,574,0.005792,6147.372457999154,1,1,1,1,1,1,1,1,1,0
claude-haiku-4-5-20251001,anthropic,0.9,coord_first,5,3351,373,4096,0.8,0.8,4693,534,0.0058904,6291.63916700054,1,1,1,1,1,0,1,1,1,0
claude-haiku-4-5-20251001,anthropic,0.25,coord_first,2,931,2793,4096,0.9,0.9,4370,508,0.005528,6361.362499999814,1,1,1,1,1,1,1,1,1,0
claude-haiku-4-5-20251001,anthropic,0.0,reason_first,3,0,3724,4096,0.9,0.9,4247,415,0.005057600000000001,4143.7065829959465,1,1,1,0,1,1,1,1,1,1
claude-haiku-4-5-20251001,anthropic,0.5,coord_first,1,1862,1862,4096,0.3,0.3,4497,578,0.0059096,6676.161542010959,0,0,1,0,0,0,0,1,0,1
claude-haiku-4-5-20251001,anthropic,0.75,coord_first,4,2793,931,4096,0.0,0.0,4607,522,0.0057736,6266.160250001121,0,0,0,0,0,0,0,0,0,0
claude-haiku-4-5-20251001,anthropic,0.25,reason_first,6,931,2793,4096,0.9,0.9,4370,464,0.005352,5776.435499996296,1,1,1,1,1,1,1,1,1,0
claude-haiku-4-5-20251001,anthropic,0.75,coord_first,5,2793,931,4096,0.9,0.9,4607,483,0.0056176,5277.706624998245,1,1,1,1,1,1,1,1,1,0
claude-haiku-4-5-20251001,anthropic,0.75,coord_first,6,2793,931,4096,0.0,0.0,4607,599,0.0060816,6719.522999992478,0,0,0,0,0,0,0,0,0,0
claude-haiku-4-5-20251001,anthropic,0.75,coord_first,7,2793,931,4096,0.0,0.0,4607,348,0.005077600000000001,4806.001832999755,0,0,0,0,0,0,0,0,0,0
claude-haiku-4-5-20251001,anthropic,0.75,coord_first,8,2793,931,4096,0.0,0.0,4607,463,0.0055376,5621.5733340068255,0,0,0,0,0,0,0,0,0,0
claude-haiku-4-5-20251001,anthropic,0.9,reason_first,2,3351,373,4096,0.0,0.0,4693,679,0.006470399999999999,8384.869583998807,0,0,0,0,0,0,0,0,0,0
claude-haiku-4-5-20251001,anthropic,0.0,coord_first,5,0,3724,4096,0.9,0.9,4247,377,0.0049056,3485.6723330012755,1,1,1,0,1,1,1,1,1,1
claude-haiku-4-5-20251001,anthropic,0.5,coord_first,2,1862,1862,4096,0.0,0.0,4497,543,0.005769600000000001,6288.2765410031425,0,0,0,0,0,0,0,0,0,0
claude-haiku-4-5-20251001,anthropic,0.5,coord_first,3,1862,1862,4096,0.0,0.0,4497,619,0.0060736,8696.002666998538,0,0,0,0,0,0,0,0,0,0
claude-haiku-4-5-20251001,anthropic,0.0,reason_first,4,0,3724,4096,0.8,0.8,4247,411,0.0050416,3812.789582996629,1,1,1,0,1,1,1,1,1,0
claude-haiku-4-5-20251001,anthropic,0.75,reason_first,4,2793,931,4096,0.8,0.8,4607,578,0.0059976000000000005,7700.818292010808,1,1,1,1,1,0,1,1,1,0
claude-haiku-4-5-20251001,anthropic,0.9,coord_first,6,3351,373,4096,0.0,0.0,4693,554,0.0059704,7818.200166992028,0,0,0,0,0,0,0,0,0,0
claude-haiku-4-5-20251001,anthropic,0.25,coord_first,3,931,2793,4096,0.0,0.0,4370,430,0.005216,6508.311165991472,0,0,0,0,0,0,0,0,0,0
claude-haiku-4-5-20251001,anthropic,0.25,reason_first,7,931,2793,4096,1.0,1.0,4370,472,0.005384,5626.232416994753,1,1,1,1,1,1,1,1,1,1
claude-haiku-4-5-20251001,anthropic,0.0,reason_first,5,0,3724,4096,0.9,0.9,4247,385,0.0049376,3815.706500012311,1,1,1,0,1,1,1,1,1,1
claude-haiku-4-5-20251001,anthropic,0.25,reason_first,8,931,2793,4096,0.9,0.9,4370,505,0.005516,6242.836042001727,1,1,1,1,1,1,1,1,1,0
claude-haiku-4-5-20251001,anthropic,0.5,reason_first,7,1862,1862,4096,0.9,0.9,4497,579,0.005913600000000001,9249.51929099916,1,1,1,1,1,0,1,1,1,1
claude-haiku-4-5-20251001,anthropic,0.5,coord_first,4,1862,1862,4096,0.0,0.0,4497,625,0.006097600000000001,7613.276666990714,0,0,0,0,0,0,0,0,0,0
claude-haiku-4-5-20251001,anthropic,0.5,coord_first,5,1862,1862,4096,0.0,0.0,4497,383,0.005129600000000001,4924.724959011655,0,0,0,0,0,0,0,0,0,0
claude-haiku-4-5-20251001,anthropic,0.9,coord_first,7,3351,373,4096,0.0,0.0,4693,482,0.0056824,6410.398374995566,0,0,0,0,0,0,0,0,0,0
claude-haiku-4-5-20251001,anthropic,0.25,coord_first,4,931,2793,4096,0.9,0.9,4370,545,0.005676,6734.476832993096,1,1,1,1,1,1,1,1,1,0
claude-haiku-4-5-20251001,anthropic,0.0,coord_first,6,0,3724,4096,0.9,0.9,4247,435,0.0051376,3962.7057920006337,1,1,1,0,1,1,1,1,1,1
claude-haiku-4-5-20251001,anthropic,0.9,reason_first,3,3351,373,4096,0.8,0.8,4693,504,0.005770399999999999,5778.366792001179,1,1,1,1,1,0,1,1,1,0
claude-haiku-4-5-20251001,anthropic,0.75,reason_first,5,2793,931,4096,0.8,0.8,4607,511,0.0057296000000000005,6389.444707994699,1,1,1,1,1,0,1,1,1,0
claude-haiku-4-5-20251001,anthropic,0.9,coord_first,8,3351,373,4096,0.0,0.0,4693,701,0.0065584,8958.798167004716,0,0,0,0,0,0,0,0,0,0
claude-haiku-4-5-20251001,anthropic,0.25,coord_first,5,931,2793,4096,1.0,1.0,4370,608,0.005928,7373.058124998352,1,1,1,1,1,1,1,1,1,1
claude-haiku-4-5-20251001,anthropic,0.9,coord_first,9,3351,373,4096,0.0,0.0,4693,383,0.005286399999999999,4960.11791699857,0,0,0,0,0,0,0,0,0,0
claude-haiku-4-5-20251001,anthropic,0.5,reason_first,8,1862,1862,4096,0.0,0.0,4497,546,0.0057816000000000005,122776.84204200341,0,0,0,0,0,0,0,0,0,0
claude-haiku-4-5-20251001,anthropic,0.5,coord_first,6,1862,1862,4096,0.0,0.0,4497,656,0.006221600000000001,7685.922999997274,0,0,0,0,0,0,0,0,0,0
claude-haiku-4-5-20251001,anthropic,0.25,coord_first,6,931,2793,4096,1.0,1.0,4370,619,0.005972,608145.691999991,1,1,1,1,1,1,1,1,1,1
claude-haiku-4-5-20251001,anthropic,0.0,coord_first,7,0,3724,4096,0.8,0.8,4247,439,0.0051536,4428.056500008097,1,1,1,0,1,1,1,1,1,0
claude-haiku-4-5-20251001,anthropic,0.25,coord_first,7,931,2793,4096,0.0,0.0,4370,475,0.005396,6581.971082996461,0,0,0,0,0,0,0,0,0,0
claude-haiku-4-5-20251001,anthropic,0.5,coord_first,7,1862,1862,4096,0.7,0.7,4497,513,0.0056496,6534.427749997121,1,0,1,1,1,0,1,1,1,0
claude-haiku-4-5-20251001,anthropic,0.9,reason_first,4,3351,373,4096,0.8,0.8,4693,571,0.006038399999999999,6773.36245799961,1,1,1,1,1,0,1,1,1,0
claude-haiku-4-5-20251001,anthropic,0.0,coord_first,8,0,3724,4096,0.9,0.9,4247,428,0.005109600000000001,3805.35854199843,1,1,1,0,1,1,1,1,1,1
claude-haiku-4-5-20251001,anthropic,0.9,coord_first,10,3351,373,4096,0.0,0.0,4693,721,0.0066384,10424.275958008366,0,0,0,0,0,0,0,0,0,0
claude-haiku-4-5-20251001,anthropic,0.5,coord_first,8,1862,1862,4096,0.0,0.0,4497,428,0.0053096,5791.119625006104,0,0,0,0,0,0,0,0,0,0
claude-haiku-4-5-20251001,anthropic,0.75,reason_first,6,2793,931,4096,0.7,0.7,4607,613,0.0061376,7363.352416999987,1,1,1,0,1,0,1,1,1,0
claude-haiku-4-5-20251001,anthropic,0.5,coord_first,9,1862,1862,4096,0.0,0.0,4497,439,0.0053536,5471.514707998722,0,0,0,0,0,0,0,0,0,0
claude-haiku-4-5-20251001,anthropic,0.9,coord_first,11,3351,373,4096,0.0,0.0,4693,524,0.0058503999999999995,5982.4759580078535,0,0,0,0,0,0,0,0,0,0
claude-haiku-4-5-20251001,anthropic,0.9,reason_first,5,3351,373,4096,0.7,0.7,4693,586,0.0060983999999999995,6372.633416001918,1,1,1,0,1,0,1,1,1,0
claude-haiku-4-5-20251001,anthropic,0.9,reason_first,6,3351,373,4096,0.7,0.7,4693,610,0.006194399999999999,6750.384250000934,1,1,1,0,1,0,1,1,1,0
claude-haiku-4-5-20251001,anthropic,0.5,coord_first,10,1862,1862,4096,0.4,0.4,4497,651,0.006201600000000001,7555.807040989748,0,0,1,0,0,0,0,1,1,1
claude-haiku-4-5-20251001,anthropic,0.9,coord_first,12,3351,373,4096,0.8,0.8,4693,574,0.0060504,6836.885374999838,1,1,1,0,1,1,1,1,1,0
claude-haiku-4-5-20251001,anthropic,0.5,coord_first,11,1862,1862,4096,0.0,0.0,4497,522,0.005685600000000001,6257.992041995749,0,0,0,0,0,0,0,0,0,0
claude-haiku-4-5-20251001,anthropic,0.25,coord_first,8,931,2793,4096,0.8,0.8,4370,527,0.005604,6811.370750001515,1,1,1,1,1,0,1,1,1,0
claude-haiku-4-5-20251001,anthropic,0.0,reason_first,6,0,3724,4096,0.9,0.9,4247,414,0.0050536,4194.314458000008,1,1,1,0,1,1,1,1,1,1
claude-haiku-4-5-20251001,anthropic,0.75,coord_first,9,2793,931,4096,0.8,0.8,4607,506,0.0057096000000000004,6486.327166989213,1,1,1,1,1,0,1,1,1,0
claude-haiku-4-5-20251001,anthropic,0.25,coord_first,9,931,2793,4096,0.8,0.8,4370,589,0.005852,7158.38729099778,1,1,1,1,1,0,1,1,1,0
claude-haiku-4-5-20251001,anthropic,0.25,reason_first,9,931,2793,4096,0.9,0.9,4370,589,0.005852,5967.625292003504,1,1,1,1,1,1,1,1,1,0
claude-haiku-4-5-20251001,anthropic,0.75,reason_first,7,2793,931,4096,0.7,0.7,4607,541,0.0058496,6849.194666996482,1,0,1,1,1,0,1,1,1,0
claude-haiku-4-5-20251001,anthropic,0.25,coord_first,10,931,2793,4096,0.0,0.0,4370,448,0.005288,6428.318624995882,0,0,0,0,0,0,0,0,0,0
claude-haiku-4-5-20251001,anthropic,0.25,coord_first,11,931,2793,4096,0.0,0.0,4370,518,0.005568,6728.082290996099,0,0,0,0,0,0,0,0,0,0
claude-haiku-4-5-20251001,anthropic,0.25,reason_first,10,931,2793,4096,0.9,0.9,4370,583,0.005828,5924.89054199541,1,1,1,1,1,1,1,1,1,0
claude-haiku-4-5-20251001,anthropic,0.25,reason_first,11,931,2793,4096,0.8,0.8,4370,472,0.005384,5721.354416993563,1,1,1,1,1,0,1,1,1,0
claude-haiku-4-5-20251001,anthropic,0.9,coord_first,13,3351,373,4096,0.0,0.0,4693,600,0.0061544,7667.670916998759,0,0,0,0,0,0,0,0,0,0
claude-haiku-4-5-20251001,anthropic,0.25,coord_first,12,931,2793,4096,0.0,0.0,4370,518,0.005568,7566.89429198741,0,0,0,0,0,0,0,0,0,0
claude-haiku-4-5-20251001,anthropic,0.0,reason_first,7,0,3724,4096,0.9,0.9,4247,391,0.0049616,3846.4634160045534,1,1,1,0,1,1,1,1,1,1
claude-haiku-4-5-20251001,anthropic,0.0,reason_first,8,0,3724,4096,0.9,0.9,4247,376,0.004901600000000001,4381.777250004234,1,1,1,0,1,1,1,1,1,1
claude-haiku-4-5-20251001,anthropic,0.5,coord_first,12,1862,1862,4096,0.0,0.0,4497,517,0.005665600000000001,6621.9735000049695,0,0,0,0,0,0,0,0,0,0
claude-haiku-4-5-20251001,anthropic,0.0,reason_first,9,0,3724,4096,0.8,0.8,4247,390,0.0049576,3954.9610409885645,1,1,1,0,1,1,1,1,1,0
claude-haiku-4-5-20251001,anthropic,0.25,coord_first,13,931,2793,4096,0.0,0.0,4370,434,0.005232,12286.41383300419,0,0,0,0,0,0,0,0,0,0
claude-haiku-4-5-20251001,anthropic,0.5,coord_first,13,1862,1862,4096,0.4,0.4,4497,443,0.0053696,5600.296333999722,0,0,1,0,1,0,1,0,1,0
claude-haiku-4-5-20251001,anthropic,0.5,coord_first,14,1862,1862,4096,0.9,0.9,4497,476,0.005501600000000001,5634.772542005521,1,1,1,1,1,1,1,1,1,0
claude-haiku-4-5-20251001,anthropic,0.0,reason_first,10,0,3724,4096,0.9,0.9,4247,409,0.0050336,3985.484374992666,1,1,1,0,1,1,1,1,1,1
claude-haiku-4-5-20251001,anthropic,0.75,reason_first,8,2793,931,4096,0.0,0.0,4607,519,0.0057616,6787.587124999845,0,0,0,0,0,0,0,0,0,0
claude-haiku-4-5-20251001,anthropic,0.25,reason_first,12,931,2793,4096,0.9,0.9,4370,527,0.005604,5231.09945798933,1,1,1,1,1,1,1,1,1,0
claude-haiku-4-5-20251001,anthropic,0.9,coord_first,14,3351,373,4096,0.9,0.9,4693,577,0.0060624,10916.158791005728,1,1,1,1,1,1,1,1,1,0
claude-haiku-4-5-20251001,anthropic,0.9,reason_first,7,3351,373,4096,0.0,0.0,4693,459,0.0055904,6533.521290999488,0,0,0,0,0,0,0,0,0,0
claude-haiku-4-5-20251001,anthropic,0.0,coord_first,9,0,3724,4096,0.8,0.8,4247,379,0.004913600000000001,3622.0487499958836,1,1,1,0,1,1,1,1,1,0
claude-haiku-4-5-20251001,anthropic,0.9,reason_first,8,3351,373,4096,0.8,0.8,4693,590,0.0061144,6959.789041997283,1,1,1,1,1,0,1,1,1,0
claude-haiku-4-5-20251001,anthropic,0.0,reason_first,11,0,3724,4096,0.9,0.9,4247,410,0.005037600000000001,3651.969792001182,1,1,1,0,1,1,1,1,1,1
claude-haiku-4-5-20251001,anthropic,0.75,reason_first,9,2793,931,4096,0.0,0.0,4607,427,0.0053936,5437.863750004908,0,0,0,0,0,0,0,0,0,0
claude-haiku-4-5-20251001,anthropic,0.5,reason_first,9,1862,1862,4096,0.8,0.8,4497,533,0.0057296000000000005,5928.816083003767,1,1,1,0,1,1,1,1,1,0
claude-haiku-4-5-20251001,anthropic,0.25,coord_first,14,931,2793,4096,0.9,0.9,4370,515,0.005556,6015.57508300175,1,1,1,1,1,1,1,1,1,0
claude-haiku-4-5-20251001,anthropic,0.75,reason_first,10,2793,931,4096,0.0,0.0,4607,343,0.005057600000000001,4878.546082996763,0,0,0,0,0,0,0,0,0,0
claude-haiku-4-5-20251001,anthropic,0.25,reason_first,13,931,2793,4096,0.8,0.8,4370,479,0.005412,5667.232124993461,1,1,1,1,1,0,1,1,1,0
claude-haiku-4-5-20251001,anthropic,0.5,reason_first,10,1862,1862,4096,0.9,0.9,4497,501,0.0056016,6132.070457999362,1,1,1,1,1,0,1,1,1,1
claude-haiku-4-5-20251001,anthropic,0.75,coord_first,10,2793,931,4096,0.9,0.9,4607,498,0.0056776000000000005,12487.517499990645,1,1,1,1,1,0,1,1,1,1
claude-haiku-4-5-20251001,anthropic,0.75,reason_first,11,2793,931,4096,0.9,0.9,4607,650,0.0062856000000000006,8487.981875005062,1,1,1,1,1,0,1,1,1,1
claude-haiku-4-5-20251001,anthropic,0.75,reason_first,12,2793,931,4096,0.8,0.8,4607,546,0.0058696,6669.089916002122,1,1,1,1,1,0,1,1,1,0
claude-haiku-4-5-20251001,anthropic,0.0,reason_first,12,0,3724,4096,0.9,0.9,4247,402,0.005005600000000001,3847.2670409973944,1,1,1,0,1,1,1,1,1,1
claude-haiku-4-5-20251001,anthropic,0.75,coord_first,11,2793,931,4096,0.0,0.0,4607,499,0.0056816,7316.438709007343,0,0,0,0,0,0,0,0,0,0
claude-haiku-4-5-20251001,anthropic,0.9,reason_first,9,3351,373,4096,0.7,0.7,4693,508,0.0057864,5737.663958003395,1,1,1,0,1,0,1,1,1,0
claude-haiku-4-5-20251001,anthropic,0.25,reason_first,14,931,2793,4096,0.8,0.8,4370,465,0.005356,5265.4115420009475,1,1,1,1,1,0,1,1,1,0
claude-haiku-4-5-20251001,anthropic,0.0,reason_first,13,0,3724,4096,0.9,0.9,4247,440,0.0051576,4096.903665995342,1,1,1,0,1,1,1,1,1,1
claude-haiku-4-5-20251001,anthropic,0.0,coord_first,10,0,3724,4096,0.8,0.8,4247,403,0.0050096,3956.3829160033492,1,1,1,0,1,1,1,1,1,0
claude-haiku-4-5-20251001,anthropic,0.25,coord_first,15,931,2793,4096,0.2,0.2,4370,773,0.006588,9122.767875000136,0,0,1,0,0,0,0,1,0,0
claude-haiku-4-5-20251001,anthropic,0.5,reason_first,11,1862,1862,4096,0.8,0.8,4497,470,0.0054776,4808.609166997485,1,1,1,1,1,0,1,1,1,0
claude-haiku-4-5-20251001,anthropic,0.75,reason_first,13,2793,931,4096,0.7,0.7,4607,533,0.0058176,6872.952041987446,1,0,1,1,1,0,1,0,1,1
claude-haiku-4-5-20251001,anthropic,0.25,coord_first,16,931,2793,4096,0.0,0.0,4370,441,0.00526,5772.627292011748,0,0,0,0,0,0,0,0,0,0
claude-haiku-4-5-20251001,anthropic,0.75,coord_first,12,2793,931,4096,0.0,0.0,4607,457,0.0055136000000000004,5981.376707990421,0,0,0,0,0,0,0,0,0,0
claude-haiku-4-5-20251001,anthropic,0.5,reason_first,12,1862,1862,4096,0.0,0.0,4497,508,0.0056296,5946.447166003054,0,0,0,0,0,0,0,0,0,0
claude-haiku-4-5-20251001,anthropic,0.5,coord_first,15,1862,1862,4096,0.8,0.8,4497,537,0.0057456,6536.589082999853,1,1,1,1,1,0,1,1,1,0
claude-haiku-4-5-20251001,anthropic,0.9,reason_first,10,3351,373,4096,0.0,0.0,4693,624,0.0062504,7693.965875005233,0,0,0,0,0,0,0,0,0,0
claude-haiku-4-5-20251001,anthropic,0.75,reason_first,14,2793,931,4096,0.9,0.9,4607,574,0.0059816,6889.0647500084015,1,1,1,1,1,0,1,1,1,1
claude-haiku-4-5-20251001,anthropic,0.75,reason_first,15,2793,931,4096,0.8,0.8,4607,548,0.0058776,6238.836083008209,1,1,1,1,1,0,1,1,1,0
claude-haiku-4-5-20251001,anthropic,0.9,reason_first,11,3351,373,4096,0.7,0.7,4693,510,0.0057944,5658.673249999993,1,1,1,0,1,0,1,1,1,0
claude-haiku-4-5-20251001,anthropic,0.25,coord_first,17,931,2793,4096,0.8,0.8,4370,496,0.00548,6169.251915998757,1,1,1,1,1,0,1,1,1,0
claude-haiku-4-5-20251001,anthropic,0.0,coord_first,11,0,3724,4096,1.0,1.0,4247,425,0.005097600000000001,3945.549415991991,1,1,1,1,1,1,1,1,1,1
claude-haiku-4-5-20251001,anthropic,0.5,reason_first,13,1862,1862,4096,0.9,0.9,4497,569,0.0058736000000000005,6650.167792002321,1,1,1,1,1,0,1,1,1,1
claude-haiku-4-5-20251001,anthropic,0.25,reason_first,15,931,2793,4096,0.7,0.7,4370,515,0.005556,6323.0175000062445,1,1,1,0,1,0,1,1,1,0
claude-haiku-4-5-20251001,anthropic,0.9,reason_first,12,3351,373,4096,0.8,0.8,4693,482,0.0056824,5129.039499995997,1,1,1,1,1,0,1,1,1,0
claude-haiku-4-5-20251001,anthropic,0.75,coord_first,13,2793,931,4096,0.9,0.9,4607,489,0.0056416,6100.558541002101,1,1,1,1,1,1,1,1,1,0
claude-haiku-4-5-20251001,anthropic,0.0,coord_first,12,0,3724,4096,0.9,0.9,4247,392,0.004965600000000001,3708.584833002533,1,1,1,0,1,1,1,1,1,1
claude-haiku-4-5-20251001,anthropic,0.5,coord_first,16,1862,1862,4096,0.0,0.0,4497,431,0.0053216,5935.4473749990575,0,0,0,0,0,0,0,0,0,0
claude-haiku-4-5-20251001,anthropic,0.5,reason_first,14,1862,1862,4096,0.8,0.8,4497,640,0.0061576,7215.839374999632,1,1,1,1,1,0,1,1,1,0
claude-haiku-4-5-20251001,anthropic,0.0,coord_first,13,0,3724,4096,0.9,0.9,4247,393,0.0049696,4063.6902499973075,1,1,1,1,1,1,1,1,1,0
claude-haiku-4-5-20251001,anthropic,0.25,reason_first,16,931,2793,4096,0.9,0.9,4370,508,0.005528,5836.551665997831,1,1,1,1,1,0,1,1,1,1
claude-haiku-4-5-20251001,anthropic,0.0,coord_first,14,0,3724,4096,0.9,0.9,4247,413,0.0050496000000000004,3895.692375008366,1,1,1,0,1,1,1,1,1,1
claude-haiku-4-5-20251001,anthropic,0.75,reason_first,16,2793,931,4096,0.0,0.0,4607,552,0.005893600000000001,7500.58308399457,0,0,0,0,0,0,0,0,0,0
claude-haiku-4-5-20251001,anthropic,0.25,reason_first,17,931,2793,4096,0.8,0.8,4370,499,0.005492,6104.1466659953585,1,1,1,1,1,0,1,1,1,0
claude-haiku-4-5-20251001,anthropic,0.75,coord_first,14,2793,931,4096,1.0,1.0,4607,505,0.005705600000000001,6675.5923749879,1,1,1,1,1,1,1,1,1,1
claude-haiku-4-5-20251001,anthropic,0.25,coord_first,18,931,2793,4096,0.9,0.9,4370,577,0.005804,6295.5527500016615,1,1,1,1,1,1,1,1,1,0
claude-haiku-4-5-20251001,anthropic,0.25,coord_first,19,931,2793,4096,0.8,0.8,4370,587,0.005844,7128.975083003752,1,1,1,1,1,0,1,1,1,0
claude-haiku-4-5-20251001,anthropic,0.0,reason_first,14,0,3724,4096,0.9,0.9,4247,388,0.0049496,3367.451083002379,1,1,1,1,1,1,1,1,1,0
claude-haiku-4-5-20251001,anthropic,0.9,coord_first,15,3351,373,4096,0.0,0.0,4693,443,0.0055264,7157.400750002125,0,0,0,0,0,0,0,0,0,0
claude-haiku-4-5-20251001,anthropic,0.75,coord_first,15,2793,931,4096,0.6,0.6,4607,552,0.005893600000000001,6501.842875004513,0,1,1,0,1,0,1,1,1,0
claude-haiku-4-5-20251001,anthropic,0.75,reason_first,17,2793,931,4096,0.0,0.0,4607,481,0.0056096,6535.747667003307,0,0,0,0,0,0,0,0,0,0
claude-haiku-4-5-20251001,anthropic,0.25,reason_first,18,931,2793,4096,0.9,0.9,4370,582,0.005824,6073.810332993162,1,1,1,1,1,1,1,1,1,0
claude-haiku-4-5-20251001,anthropic,0.9,reason_first,13,3351,373,4096,0.9,0.9,4693,508,0.0057864,7292.423042003065,1,1,1,1,1,0,1,1,1,1
claude-haiku-4-5-20251001,anthropic,0.0,reason_first,15,0,3724,4096,0.8,0.8,4247,425,0.005097600000000001,3997.7089169988176,1,1,1,0,1,1,1,1,1,0
claude-haiku-4-5-20251001,anthropic,0.9,coord_first,16,3351,373,4096,0.0,0.0,4693,458,0.0055864,6399.415916996077,0,0,0,0,0,0,0,0,0,0
claude-haiku-4-5-20251001,anthropic,0.0,coord_first,15,0,3724,4096,0.9,0.9,4247,446,0.005181600000000001,4383.354082994629,1,1,1,0,1,1,1,1,1,1
claude-haiku-4-5-20251001,anthropic,0.9,coord_first,17,3351,373,4096,0.0,0.0,4693,512,0.005802399999999999,7048.426833003759,0,0,0,0,0,0,0,0,0,0
claude-haiku-4-5-20251001,anthropic,0.75,coord_first,16,2793,931,4096,0.0,0.0,4607,452,0.0054936,5977.23941699951,0,0,0,0,0,0,0,0,0,0
claude-haiku-4-5-20251001,anthropic,0.5,reason_first,15,1862,1862,4096,0.7,0.7,4497,590,0.0059576,9250.42158299766,1,1,1,0,1,0,1,1,1,0
claude-haiku-4-5-20251001,anthropic,0.9,reason_first,14,3351,373,4096,0.7,0.7,4693,486,0.005698399999999999,5424.824374989839,1,1,1,0,1,0,1,1,1,0
claude-haiku-4-5-20251001,anthropic,0.75,coord_first,17,2793,931,4096,0.7,0.7,4607,528,0.0057976,7023.730166998575,1,1,1,0,1,0,1,1,1,0
claude-haiku-4-5-20251001,anthropic,0.5,coord_first,17,1862,1862,4096,0.8,0.8,4497,538,0.0057496000000000005,6770.172667005681,1,1,1,1,1,0,1,1,1,0
claude-haiku-4-5-20251001,anthropic,0.0,reason_first,16,0,3724,4096,0.9,0.9,4247,411,0.0050416,4201.00800000364,1,1,1,0,1,1,1,1,1,1
claude-haiku-4-5-20251001,anthropic,0.0,coord_first,16,0,3724,4096,0.9,0.9,4247,413,0.0050496000000000004,4422.034750008606,1,1,1,0,1,1,1,1,1,1
claude-haiku-4-5-20251001,anthropic,0.0,coord_first,17,0,3724,4096,0.9,0.9,4247,440,0.0051576,15296.518792005372,1,1,1,0,1,1,1,1,1,1
claude-haiku-4-5-20251001,anthropic,0.0,reason_first,17,0,3724,4096,0.9,0.9,4247,398,0.0049896,3930.0473750045057,1,1,1,0,1,1,1,1,1,1
claude-haiku-4-5-20251001,anthropic,0.5,reason_first,16,1862,1862,4096,0.8,0.8,4497,569,0.0058736000000000005,6599.409957998432,1,1,1,1,1,0,1,1,1,0
claude-haiku-4-5-20251001,anthropic,0.9,coord_first,18,3351,373,4096,0.0,0.0,4693,481,0.005678399999999999,6092.997792002279,0,0,0,0,0,0,0,0,0,0
claude-haiku-4-5-20251001,anthropic,0.75,coord_first,18,2793,931,4096,0.9,0.9,4607,554,0.005901600000000001,6264.761458005523,1,1,1,1,1,0,1,1,1,1
claude-haiku-4-5-20251001,anthropic,0.5,coord_first,18,1862,1862,4096,0.0,0.0,4497,511,0.0056416,5804.892166008358,0,0,0,0,0,0,0,0,0,0
claude-haiku-4-5-20251001,anthropic,0.0,coord_first,18,0,3724,4096,0.9,0.9,4247,409,0.0050336,3952.4152090016287,1,1,1,0,1,1,1,1,1,1
claude-haiku-4-5-20251001,anthropic,0.9,reason_first,15,3351,373,4096,0.9,0.9,4693,540,0.005914399999999999,6472.773749992484,1,1,1,1,1,0,1,1,1,1
claude-haiku-4-5-20251001,anthropic,0.9,reason_first,16,3351,373,4096,0.8,0.8,4693,835,0.0070944,10322.917666009744,1,1,1,1,1,0,1,1,1,0
claude-haiku-4-5-20251001,anthropic,0.75,coord_first,19,2793,931,4096,0.0,0.0,4607,430,0.0054056,6231.284082998172,0,0,0,0,0,0,0,0,0,0
claude-haiku-4-5-20251001,anthropic,0.75,reason_first,18,2793,931,4096,0.8,0.8,4607,545,0.0058656,7060.032875000616,1,1,1,1,1,0,1,1,1,0
claude-haiku-4-5-20251001,anthropic,0.0,reason_first,18,0,3724,4096,0.9,0.9,4247,396,0.0049816,3853.425374996732,1,1,1,1,1,1,1,1,1,0
claude-haiku-4-5-20251001,anthropic,0.9,reason_first,17,3351,373,4096,0.9,0.9,4693,583,0.0060864,6922.010874986881,1,1,1,1,1,1,1,1,1,0
claude-haiku-4-5-20251001,anthropic,0.5,reason_first,17,1862,1862,4096,0.8,0.8,4497,549,0.0057936,6163.3701249957085,1,1,1,1,1,0,1,1,1,0
claude-haiku-4-5-20251001,anthropic,0.9,reason_first,18,3351,373,4096,0.8,0.8,4693,484,0.0056904,7017.62533299916,1,1,1,1,1,0,1,1,1,0
claude-haiku-4-5-20251001,anthropic,0.9,reason_first,19,3351,373,4096,1.0,1.0,4693,536,0.0058984,5445.9387920069275,1,1,1,1,1,1,1,1,1,1
claude-haiku-4-5-20251001,anthropic,0.0,coord_first,19,0,3724,4096,0.9,0.9,4247,441,0.0051616000000000006,4562.282957995194,1,1,1,0,1,1,1,1,1,1
claude-haiku-4-5-20251001,anthropic,0.75,reason_first,19,2793,931,4096,0.7,0.7,4607,558,0.0059176,6750.53495800239,1,1,1,0,1,0,1,1,1,0
claude-haiku-4-5-20251001,anthropic,0.5,reason_first,18,1862,1862,4096,0.8,0.8,4497,618,0.0060696000000000005,6992.250625000452,1,1,1,0,1,1,1,1,1,0
claude-haiku-4-5-20251001,anthropic,0.9,coord_first,19,3351,373,4096,0.0,0.0,4693,378,0.005266399999999999,5211.8787500076,0,0,0,0,0,0,0,0,0,0
claude-haiku-4-5-20251001,anthropic,0.0,reason_first,19,0,3724,4096,0.9,0.9,4247,402,0.005005600000000001,3670.2011250017677,1,1,1,0,1,1,1,1,1,1
claude-haiku-4-5-20251001,anthropic,0.25,reason_first,19,931,2793,4096,0.9,0.9,4370,507,0.005524,6343.427250001696,1,1,1,1,1,1,1,1,1,0
claude-haiku-4-5-20251001,anthropic,0.5,reason_first,19,1862,1862,4096,0.0,0.0,4497,366,0.0050616,5471.990249992814,0,0,0,0,0,0,0,0,0,0
claude-haiku-4-5-20251001,anthropic,0.5,coord_first,19,1862,1862,4096,0.0,0.0,4497,609,0.0060336,6738.869250009884,0,0,0,0,0,0,0,0,0,0
